variant,n_meas,offset_exp_dg,exp_dg_err,exp_ddg,exp_ddg_err
A-E133D,1,-8.3992,,0.2208,
A-E133Q,1,-6.7619,,1.8582,
A-P132G,1,-7.7193,,0.9007,
A-P132N,1,-7.1804,,1.4397,
A-P132V,1,-8.4744,,0.1457,
"H-A378V,H-N434A",1,-9.4923,0.0641,-0.8723,0.0645
H-D312I,1,-8.3413,0.0118,0.2787,0.0261
H-D312S,1,-8.7216,0.0048,-0.1016,0.0238
"H-G385D,H-Q386P,H-N389S",1,-8.7119,0.0984,-0.0919,0.1023
H-H433K,1,-8.8699,0.0214,-0.2499,0.0317
"H-H433K,H-N434F",1,-10.3476,0.0252,-1.7276,0.0343
"H-H433K,H-N434F,H-Y436H",1,-9.7137,0.0743,-1.0936,0.0794
H-H433Q,1,-8.6288,0.0077,-0.0087,0.0246
"H-H433R,H-N434Y,H-Y436H",1,-9.6141,0.0820,-0.9941,0.0867
H-H433Y,1,-7.6300,0.0231,0.9901,0.0328
H-H435K,1,-9.3528,0.0093,-0.7327,0.0251
H-H435Y,1,-6.6574,0.4355,1.9626,0.4362
H-I253M,1,-7.9273,0.0536,0.6927,0.0584
H-L251N,1,-8.3002,0.0166,0.3198,0.0286
H-L309D,1,-7.7841,0.0962,0.8359,0.0990
"H-L309D,H-Q311H,H-N434S",2,-9.5262,0.0846,-0.9062,0.0950
H-L432K,1,-8.3292,0.0138,0.2908,0.0271
"H-M252F,H-T256D",1,-9.2104,0.1192,-0.5903,0.1224
H-M252H,1,-7.7524,0.0505,0.8676,0.0556
H-M252R,1,-7.7220,0.0219,0.8981,0.0320
H-M252W,1,-9.7004,0.0359,-1.0804,0.0456
H-M252Y,2,-9.0033,0.2787,-0.3833,0.2942
"H-M252Y,H-N434A",1,-9.8315,0.0565,-1.2115,0.0569
"H-M252Y,H-S254C,H-T256E",1,-8.0941,0.0398,0.5260,0.0461
"H-M252Y,H-S254T",1,-9.6221,0.0073,-1.0021,0.0244
"H-M252Y,H-S254T,H-T256E",8,-9.7766,0.1258,-1.1566,0.1456
"H-M252Y,H-S254T,H-T256E,H-A378V",1,-10.0806,0.0106,-1.4606,0.0256
"H-M252Y,H-S254T,H-T256E,H-H433K",1,-10.2089,0.0266,-1.5889,0.0354
"H-M252Y,H-S254T,H-T256E,H-H433K,H-N434F,H-Y436H",1,-11.0200,0.0418,-2.3999,0.0504
"H-M252Y,H-S254T,H-T256E,H-N434F",1,-10.2288,0.0136,-1.6087,0.0270
"H-M252Y,H-S254T,H-T256E,H-N434S",1,-10.2779,0.0378,-1.6578,0.0444
"H-M252Y,H-S254T,H-T256E,H-Q311H",1,-9.9411,0.0211,-1.3211,0.0314
"H-M252Y,H-S254T,H-T256E,H-V308P",1,-10.9511,0.0474,-2.3311,0.0528
"H-M252Y,H-S254T,H-T256E,H-Y436H",1,-9.5515,0.0803,-0.9315,0.0837
"H-M252Y,H-S254V,H-T256E",1,-9.9930,0.0091,-1.3730,0.0250
"H-M252Y,H-T256D",1,-10.5347,0.1291,-1.9147,0.1834
"H-M252Y,H-T256D,H-T307Q",1,-10.4152,0.0394,-1.7952,0.1362
"H-M252Y,H-T256E",2,-9.9693,0.0174,-1.3493,0.0952
"H-M252Y,H-T256E,H-T307Q",1,-10.0363,0.0165,-1.4163,0.1314
"H-M252Y,H-T256Q",1,-9.5128,0.1191,-0.8928,0.1224
"H-M252Y,H-T307W",1,-10.4000,0.0257,-1.7799,0.1328
"H-M252Y,H-V308P,H-N434Y",1,-12.2058,0.1704,-3.5858,0.1706
H-M428E,1,-7.8643,0.0602,0.7557,0.0646
H-M428L,1,-9.3811,0.0213,-0.7610,0.0316
"H-M428L,H-N434A",1,-9.6478,0.0848,-1.0277,0.0851
"H-M428L,H-N434S",4,-10.0013,0.0584,-1.3813,0.1016
"H-N315D,H-A330V,H-N361D,H-A378V,H-N434Y",1,-9.8048,,-1.1848,
H-N434A,1,-9.2675,0.0320,-0.6474,0.0328
"H-N434A,H-Y436I",1,-9.5736,0.1589,-0.9536,0.1591
H-N434F,2,-10.1801,0.2451,-1.5601,0.2623
"H-N434F,H-Y436H",1,-9.5883,0.0085,-0.9683,0.0293
H-N434H,2,-9.5548,0.0366,-0.9348,0.0410
H-N434S,2,-9.3819,0.0163,-0.7618,0.0285
H-N434W,1,-10.7851,0.0715,-2.1651,0.0718
H-N434Y,2,-10.3787,0.1350,-1.7587,0.1635
"H-P230S,H-N315D,H-M428L,H-N434Y",1,-9.6485,,-1.0285,
H-Q311H,1,-8.5446,0.0377,0.0754,0.0443
H-Q311R,1,-8.8774,0.0289,-0.2574,0.0371
H-S254C,1,-6.2105,0.5538,2.4095,0.5543
H-S254T,1,-8.3109,0.0083,0.3091,0.0247
"H-S254T,H-T256E",1,-8.7280,0.0190,-0.1080,0.0301
H-S254V,1,-8.1281,0.0076,0.4920,0.0245
H-T250I,1,-8.4960,0.0135,0.1240,0.0269
"H-T250Q,H-M428L",6,-10.3030,0.0585,-1.6829,0.0589
H-T256D,1,-8.0068,0.4453,0.6132,0.4640
"H-T256D,H-T307Q",1,-9.9994,0.0647,-1.3794,0.1455
"H-T256D,H-T307W",1,-10.1871,0.0287,-1.5671,0.1335
"H-T256N,H-A378V,H-N434Y",1,-9.4241,,-0.8040,
"H-T256N,H-A378V,H-S383N,H-N434Y",1,-9.5044,,-0.8844,
"H-T307A,H-E380A,H-N434A",1,-8.7922,0.1423,-0.1721,0.1930
"H-T307A,H-N315D,H-A330V,H-E382V,H-N389T,H-N434Y",1,-9.4653,,-0.8453,
H-T307E,1,-7.8922,0.5789,0.7278,0.5934
H-T307Q,1,-8.1005,0.1844,0.5195,0.2258
"H-T307Q,H-E380A,H-N434A",2,-9.9566,0.0186,-1.3365,0.0262
"H-T307Q,H-N434A",2,-9.8871,0.0383,-1.2671,0.0425
"H-T307Q,H-N434S",1,-10.0835,0.0178,-1.4634,0.0309
H-T307W,1,-7.8493,0.1940,0.7707,0.2337
"H-V259I,H-N315D,H-N434Y",1,-9.6885,,-1.0684,
"H-V259I,H-V308F",1,-9.6617,,-1.0417,
"H-V259I,H-V308F,H-M428L",1,-10.3902,,-1.7701,
H-V308P,5,-11.2898,,-2.6697,
"H-V308P,H-N434A",2,-10.5878,0.0607,-1.9678,0.0635
"H-V308P,H-N434Y",1,-11.6629,0.1176,-3.0429,0.1178
"H-V308T,H-L309P,H-Q311S",1,-8.7694,0.0259,-0.1493,0.0382
WT,16,-8.6200,0.0608,0.0000,0.0860
