variant_name,fc_mutations,fcrn_mutations,source,source_variant_name,antibody,temp_C,pH,Kd_nM,err_Kd_nM
wt,wt,wt,Dall'Acqua 2002,,MEDI-493,25,6,2527,117
NA,M252W,wt,Dall'Acqua 2002,,MEDI-493,25,6,408,24
Y,M252Y,wt,Dall'Acqua 2002,,MEDI-493,25,6,532,37
NA,I253A,wt,Dall'Acqua 2002,,MEDI-493,25,6,NBD,NA
FD,M252F/T256D,wt,Dall'Acqua 2002,,MEDI-493,25,6,933,170
YQ,M252Y/T256Q,wt,Dall'Acqua 2002,,MEDI-493,25,6,560,102
FH,N434F/Y436H,wt,Dall'Acqua 2002,,MEDI-493,25,6,493,7
YTE,M252Y/S254T/T256E,wt,Dall'Acqua 2002,,MEDI-493,25,6,225,10
TPS,V308T/L309P/Q311S,wt,Dall'Acqua 2002,,MEDI-493,25,6,1964,84
DPS,G385D/Q386P/N389S,wt,Dall'Acqua 2002,,MEDI-493,25,6,2164,331
KFH,H433K/N434F/Y436H,wt,Dall'Acqua 2002,,MEDI-493,25,6,399,47
RYH,H433R/N434Y/Y436H,wt,Dall'Acqua 2002,,MEDI-493,25,6,472,61
YTEKFH,M252Y/S254T/T256E/H433K/N434F/Y436H,wt,Dall'Acqua 2002,,MEDI-493,25,6,44,3
