Node Group Title,Node Title,Node Experimental Binding dG,Node Predicted Binding dG,Node Solvent Population,Node Complex Population,dG Correction,Node Group Predicted Binding dG
H-A378V,H-ALA378VAL,N/A,0.39+-0.81,0.180548,0.815553,0.90,1.29+-0.81
"H-A378V,H-N434A","H-ALA378VAL,H-ASN434ALA",N/A,0.83+-0.82,0.180548,0.815553,0.90,1.73+-0.82
"H-A378V,H-N434Y","H-ALA378VAL,H-ASN434TYR",N/A,-1.16+-0.94,0.180548,0.815553,0.90,-0.26+-0.94
H-D312I,H-ASP312ILE,N/A,0.55+-0.56,0.180662,0.815991,0.90,1.45+-0.56
H-D312S,H-ASP312SER,N/A,0.07+-0.51,0.180662,0.815991,0.90,0.97+-0.51
H-E380A,H-GLU380ALA,N/A,0.00+-0.59,0.209937,0.880089,0.85,0.85+-0.59
"H-E380A,H-N434A","H-GLU380ALA,H-ASN434ALA",N/A,0.59+-0.77,0.209937,0.880089,0.85,1.44+-0.77
H-G385D,H-GLY385ASH,N/A,0.14+-0.73,0.001433,0.006804,0.93,1.07+-0.73
H-G385D,H-GLY385ASP,N/A,0.17+-0.67,0.179115,0.808749,0.90,1.07+-0.67
"H-G385D,H-N389S","H-GLY385ASH,H-ASN389SER",N/A,-0.06+-0.93,0.001027,0.006692,1.12,1.06+-0.93
"H-G385D,H-N389S","H-GLY385ASP,H-ASN389SER",N/A,0.16+-0.81,0.179521,0.808861,0.90,1.06+-0.81
"H-G385D,H-Q386P","H-GLY385ASH,H-GLN386PRO",N/A,0.49+-0.96,0.015305,0.050654,0.71,1.20+-0.96
"H-G385D,H-Q386P","H-GLY385ASP,H-GLN386PRO",N/A,0.29+-0.86,0.165243,0.764899,0.91,1.20+-0.86
"H-G385D,H-Q386P,H-N389S","H-GLY385ASH,H-GLN386PRO,H-ASN389SER",N/A,0.07+-1.09,0.009274,0.081738,1.30,1.37+-1.09
"H-G385D,H-Q386P,H-N389S","H-GLY385ASP,H-GLN386PRO,H-ASN389SER",N/A,0.50+-0.96,0.171273,0.733815,0.87,1.37+-0.96
H-H433K,H-HIP433LYN,N/A,0.38+-0.66,0.000012,0.000020,0.32,0.70+-0.66
H-H433K,H-HIP433LYS,N/A,-0.11+-0.79,0.220958,0.857056,0.81,0.70+-0.79
"H-H433K,H-N434F","H-HIP433LYN,H-ASN434PHE",N/A,-0.83+-1.03,0.000013,0.000027,0.45,-0.38+-1.03
"H-H433K,H-N434F","H-HIP433LYS,H-ASN434PHE",N/A,-1.19+-1.04,0.220957,0.857049,0.81,-0.38+-1.04
"H-H433K,H-N434F,H-Y436H","H-HIP433LYN,H-ASN434PHE,H-TYR436HID",N/A,-0.16+-0.93,0.000000,0.000001,0.92,0.76+-0.93
"H-H433K,H-N434F,H-Y436H","H-HIP433LYN,H-ASN434PHE,H-TYR436HIE",N/A,0.51+-1.02,0.000011,0.000017,0.25,0.76+-1.02
"H-H433K,H-N434F,H-Y436H","H-HIP433LYN,H-ASN434PHE,H-TYR436HIP",N/A,0.64+-0.89,0.000002,0.000003,0.12,0.76+-0.89
"H-H433K,H-N434F,H-Y436H","H-HIP433LYS,H-ASN434PHE,H-TYR436HID",N/A,-0.69+-0.97,0.003085,0.035016,1.45,0.76+-0.97
"H-H433K,H-N434F,H-Y436H","H-HIP433LYS,H-ASN434PHE,H-TYR436HIE",N/A,-0.08+-1.12,0.186490,0.760838,0.84,0.76+-1.12
"H-H433K,H-N434F,H-Y436H","H-HIP433LYS,H-ASN434PHE,H-TYR436HIP",N/A,0.36+-1.02,0.031381,0.061203,0.40,0.76+-1.02
"H-H433K,H-Y436H","H-HIP433LYN,H-TYR436HID",N/A,1.33+-0.85,0.000000,0.000000,0.61,1.94+-0.85
"H-H433K,H-Y436H","H-HIP433LYN,H-TYR436HIE",N/A,1.55+-0.86,0.000008,0.000016,0.39,1.94+-0.86
"H-H433K,H-Y436H","H-HIP433LYN,H-TYR436HIP",N/A,1.92+-0.78,0.000001,0.000001,0.02,1.94+-0.78
"H-H433K,H-Y436H","H-HIP433LYS,H-TYR436HID",N/A,0.53+-0.91,0.004269,0.045669,1.41,1.94+-0.91
"H-H433K,H-Y436H","H-HIP433LYS,H-TYR436HIE",N/A,1.12+-0.96,0.187654,0.746120,0.82,1.94+-0.96
"H-H433K,H-Y436H","H-HIP433LYS,H-TYR436HIP",N/A,1.46+-0.94,0.029037,0.065270,0.48,1.94+-0.94
H-H433Q,H-HIP433GLN,N/A,0.24+-0.67,0.220970,0.857076,0.81,1.05+-0.67
H-H433R,H-HIP433ARG,N/A,-0.12+-0.67,0.220970,0.857076,0.81,0.69+-0.67
"H-H433R,H-N434Y","H-HIP433ARG,H-ASN434TYR",N/A,-1.50+-0.86,0.220970,0.857076,0.81,-0.69+-0.86
"H-H433R,H-N434Y,H-Y436H","H-HIP433ARG,H-ASN434TYR,H-TYR436HID",N/A,-1.09+-1.02,0.003783,0.032008,1.27,0.18+-1.02
"H-H433R,H-N434Y,H-Y436H","H-HIP433ARG,H-ASN434TYR,H-TYR436HIE",N/A,-0.65+-1.00,0.190134,0.769123,0.83,0.18+-1.00
"H-H433R,H-N434Y,H-Y436H","H-HIP433ARG,H-ASN434TYR,H-TYR436HIP",N/A,-0.25+-0.98,0.027053,0.055946,0.43,0.18+-0.98
"H-H433R,H-Y436H","H-HIP433ARG,H-TYR436HID",N/A,0.73+-0.91,0.003989,0.030850,1.22,1.95+-0.91
"H-H433R,H-Y436H","H-HIP433ARG,H-TYR436HIE",N/A,1.11+-0.91,0.187481,0.766595,0.84,1.95+-0.91
"H-H433R,H-Y436H","H-HIP433ARG,H-TYR436HIP",N/A,1.53+-0.86,0.029500,0.059631,0.42,1.95+-0.86
H-H433Y,H-HIP433TYR,N/A,1.34+-0.54,0.220970,0.857076,0.81,2.15+-0.54
H-H435K,H-HIP435LYN,N/A,2.16+-0.41,0.000095,0.000000,-3.76,-1.60+-0.41
H-H435K,H-HIP435LYS,N/A,-1.74+-0.41,0.702145,0.881302,0.14,-1.60+-0.41
H-H435Y,H-HIP435TYR,N/A,1.90+-0.45,0.702240,0.881303,0.14,2.04+-0.45
H-I253M,H-ILE253MET,N/A,-2.43+-0.50,0.180548,0.815553,0.90,-1.53+-0.50
H-L251N,H-LEU251ASN,N/A,0.62+-0.44,0.180548,0.815553,0.90,1.52+-0.44
H-L309D,H-LEU309ASH,N/A,0.00+-1.03,0.003227,0.380996,2.84,2.84+-1.03
H-L309D,H-LEU309ASP,N/A,2.31+-0.91,0.177320,0.434557,0.53,2.84+-0.91
"H-L309D,H-N434S","H-LEU309ASH,H-ASN434SER",N/A,0.61+-0.95,0.002604,0.276371,2.78,3.39+-0.95
"H-L309D,H-N434S","H-LEU309ASP,H-ASN434SER",N/A,2.73+-0.98,0.177944,0.539182,0.66,3.39+-0.98
"H-L309D,H-Q311H","H-LEU309ASH,H-GLN311HID",N/A,0.52+-1.20,0.000125,0.017281,2.94,3.46+-1.20
"H-L309D,H-Q311H","H-LEU309ASH,H-GLN311HIE",N/A,0.01+-1.23,0.000687,0.223243,3.45,3.46+-1.23
"H-L309D,H-Q311H","H-LEU309ASH,H-GLN311HIP",N/A,-0.29+-0.96,0.000154,0.082638,3.75,3.46+-0.96
"H-L309D,H-Q311H","H-LEU309ASP,H-GLN311HID",N/A,3.01+-1.21,0.010804,0.022923,0.45,3.46+-1.21
"H-L309D,H-Q311H","H-LEU309ASP,H-GLN311HIE",N/A,3.06+-1.24,0.139570,0.272298,0.40,3.46+-1.24
"H-L309D,H-Q311H","H-LEU309ASP,H-GLN311HIP",N/A,2.32+-0.96,0.029208,0.197169,1.14,3.46+-0.96
"H-L309D,H-Q311H,H-N434S","H-LEU309ASH,H-GLN311HID,H-ASN434SER",N/A,0.99+-1.03,0.000138,0.012454,2.69,3.68+-1.03
"H-L309D,H-Q311H,H-N434S","H-LEU309ASH,H-GLN311HIE,H-ASN434SER",N/A,0.36+-1.10,0.000683,0.177921,3.32,3.68+-1.10
"H-L309D,H-Q311H,H-N434S","H-LEU309ASH,H-GLN311HIP,H-ASN434SER",N/A,0.10+-0.99,0.000203,0.081909,3.58,3.68+-0.99
"H-L309D,H-Q311H,H-N434S","H-LEU309ASP,H-GLN311HID,H-ASN434SER",N/A,3.62+-1.39,0.016358,0.017965,0.06,3.68+-1.39
"H-L309D,H-Q311H,H-N434S","H-LEU309ASP,H-GLN311HIE,H-ASN434SER",N/A,3.26+-1.39,0.129915,0.260992,0.42,3.68+-1.39
"H-L309D,H-Q311H,H-N434S","H-LEU309ASP,H-GLN311HIP,H-ASN434SER",N/A,2.44+-1.06,0.033250,0.264312,1.24,3.68+-1.06
H-L309P,H-LEU309PRO,N/A,0.34+-0.92,0.180548,0.815553,0.90,1.24+-0.92
"H-L309P,H-Q311S","H-LEU309PRO,H-GLN311SER",N/A,0.67+-1.23,0.180548,0.815553,0.90,1.57+-1.23
H-L432K,H-LEU432LYN,N/A,1.26+-0.42,0.004619,0.004117,-0.07,1.19+-0.42
H-L432K,H-LEU432LYS,N/A,0.28+-0.41,0.175928,0.811436,0.91,1.19+-0.41
H-M252F,H-MET252PHE,N/A,0.15+-0.99,0.180548,0.815553,0.90,1.05+-0.99
"H-M252F,H-T256D","H-MET252PHE,H-THR256ASH",N/A,-0.41+-0.84,0.017292,0.037465,0.46,0.05+-0.84
"H-M252F,H-T256D","H-MET252PHE,H-THR256ASP",N/A,-0.88+-0.90,0.163255,0.778088,0.93,0.05+-0.90
H-M252H,H-MET252HID,N/A,0.22+-0.49,0.012028,0.003582,-0.72,-0.50+-0.49
H-M252H,H-MET252HIE,N/A,2.26+-0.44,0.059724,0.000581,-2.76,-0.50+-0.44
H-M252H,H-MET252HIP,N/A,-1.70+-0.62,0.108796,0.811390,1.20,-0.50+-0.62
H-M252R,H-MET252ARG,N/A,-2.08+-0.62,0.180548,0.815553,0.90,-1.18+-0.62
H-M252W,H-MET252TRP,N/A,0.78+-0.47,0.180548,0.815553,0.90,1.68+-0.47
H-M252Y,H-MET252TYR,N/A,0.20+-0.83,0.180548,0.815553,0.90,1.10+-0.83
"H-M252Y,H-N434A","H-MET252TYR,H-ASN434ALA",N/A,0.23+-0.98,0.180548,0.815553,0.90,1.13+-0.98
"H-M252Y,H-N434Y","H-MET252TYR,H-ASN434TYR",N/A,-1.56+-0.98,0.180548,0.815553,0.90,-0.66+-0.98
"H-M252Y,H-S254C","H-MET252TYR,H-SER254CYM",N/A,7.37+-1.24,0.001314,0.000000,-5.16,2.21+-1.24
"H-M252Y,H-S254C","H-MET252TYR,H-SER254CYS",N/A,1.31+-1.05,0.179233,0.815553,0.90,2.21+-1.05
"H-M252Y,H-S254C,H-T256E","H-MET252TYR,H-SER254CYM,H-THR256GLH",N/A,7.10+-1.15,0.000061,0.000000,-5.39,1.71+-1.15
"H-M252Y,H-S254C,H-T256E","H-MET252TYR,H-SER254CYM,H-THR256GLU",N/A,7.42+-1.45,0.001047,0.000000,-5.71,1.71+-1.45
"H-M252Y,H-S254C,H-T256E","H-MET252TYR,H-SER254CYS,H-THR256GLH",N/A,1.32+-0.94,0.007684,0.014727,0.39,1.71+-0.94
"H-M252Y,H-S254C,H-T256E","H-MET252TYR,H-SER254CYS,H-THR256GLU",N/A,0.79+-1.13,0.171755,0.800826,0.92,1.71+-1.13
"H-M252Y,H-S254T","H-MET252TYR,H-SER254THR",N/A,-0.37+-0.94,0.180548,0.815553,0.90,0.53+-0.94
"H-M252Y,H-S254T,H-T256E","H-MET252TYR,H-SER254THR,H-THR256GLH",N/A,-0.28+-0.99,0.006168,0.009743,0.27,-0.01+-0.99
"H-M252Y,H-S254T,H-T256E","H-MET252TYR,H-SER254THR,H-THR256GLU",N/A,-0.92+-1.11,0.174379,0.805810,0.91,-0.01+-1.11
"H-M252Y,H-S254V","H-MET252TYR,H-SER254VAL",N/A,1.92+-1.15,0.180548,0.815553,0.90,2.82+-1.15
"H-M252Y,H-S254V,H-T256E","H-MET252TYR,H-SER254VAL,H-THR256GLH",N/A,1.72+-1.04,0.006581,0.012082,0.36,2.08+-1.04
"H-M252Y,H-S254V,H-T256E","H-MET252TYR,H-SER254VAL,H-THR256GLU",N/A,1.17+-1.54,0.173967,0.803472,0.91,2.08+-1.54
"H-M252Y,H-T256D","H-MET252TYR,H-THR256ASH",N/A,0.00+-0.84,0.011940,0.016629,0.20,0.20+-0.84
"H-M252Y,H-T256D","H-MET252TYR,H-THR256ASP",N/A,-0.73+-1.11,0.168607,0.798924,0.93,0.20+-1.11
"H-M252Y,H-T256D,H-T307Q","H-MET252TYR,H-THR256ASH,H-THR307GLN",N/A,-0.64+-0.98,0.033200,0.036284,0.05,-0.59+-0.98
"H-M252Y,H-T256D,H-T307Q","H-MET252TYR,H-THR256ASP,H-THR307GLN",N/A,-1.58+-1.39,0.147347,0.779269,0.99,-0.59+-1.39
"H-M252Y,H-T256E","H-MET252TYR,H-THR256GLH",N/A,0.09+-0.93,0.006688,0.014249,0.45,0.54+-0.93
"H-M252Y,H-T256E","H-MET252TYR,H-THR256GLU",N/A,-0.37+-1.28,0.173860,0.801304,0.91,0.54+-1.28
"H-M252Y,H-T256E,H-T307Q","H-MET252TYR,H-THR256GLH,H-THR307GLN",N/A,-0.71+-1.02,0.009980,0.030211,0.66,-0.05+-1.02
"H-M252Y,H-T256E,H-T307Q","H-MET252TYR,H-THR256GLU,H-THR307GLN",N/A,-0.96+-1.44,0.170568,0.785342,0.91,-0.05+-1.44
"H-M252Y,H-T256Q","H-MET252TYR,H-THR256GLN",N/A,0.58+-0.84,0.180548,0.815553,0.90,1.48+-0.84
"H-M252Y,H-T307Q","H-MET252TYR,H-THR307GLN",N/A,-0.30+-1.21,0.180548,0.815553,0.90,0.60+-1.21
"H-M252Y,H-T307W","H-MET252TYR,H-THR307TRP",N/A,-1.07+-1.21,0.180548,0.815553,0.90,-0.17+-1.21
"H-M252Y,H-V308P","H-MET252TYR,H-VAL308PRO",N/A,-1.21+-0.99,0.180548,0.815553,0.90,-0.31+-0.99
"H-M252Y,H-V308P,H-N434Y","H-MET252TYR,H-VAL308PRO,H-ASN434TYR",N/A,-2.96+-0.99,0.180548,0.815553,0.90,-2.06+-0.99
H-M428E,H-MET428GLH,N/A,0.73+-0.58,0.166581,0.815382,0.95,1.68+-0.58
H-M428E,H-MET428GLU,N/A,4.30+-0.77,0.013967,0.000171,-2.62,1.68+-0.77
H-M428L,H-MET428LEU,N/A,-0.13+-0.72,0.180548,0.815553,0.90,0.77+-0.72
"H-M428L,H-N434A","H-MET428LEU,H-ASN434ALA",N/A,0.31+-0.86,0.180548,0.815553,0.90,1.21+-0.86
"H-M428L,H-N434S","H-MET428LEU,H-ASN434SER",N/A,0.43+-0.88,0.180548,0.815553,0.90,1.33+-0.88
H-N315D,H-ASN315ASH,N/A,0.19+-0.73,0.000484,0.002224,0.91,1.10+-0.73
H-N315D,H-ASN315ASP,N/A,0.20+-0.94,0.180063,0.813329,0.90,1.10+-0.94
"H-N315D,H-N434Y","H-ASN315ASH,H-ASN434TYR",N/A,-1.37+-0.87,0.000509,0.002418,0.93,-0.44+-0.87
"H-N315D,H-N434Y","H-ASN315ASP,H-ASN434TYR",N/A,-1.34+-0.98,0.180039,0.813135,0.90,-0.44+-0.98
H-N389S,H-ASN389SER,N/A,0.26+-0.73,0.180548,0.815553,0.90,1.16+-0.73
H-N434A,H-ASN434ALA,N/A,0.36+-0.75,0.189331,0.837254,0.89,1.25+-0.75
H-N434A,"H-GLU380GLH,H-ASN434ALA",N/A,0.81+-0.74,0.020606,0.042835,0.44,1.25+-0.74
"H-N434A,H-Y436I","H-ASN434ALA,H-TYR436ILE",N/A,0.69+-0.72,0.180548,0.815553,0.90,1.59+-0.72
H-N434F,H-ASN434PHE,N/A,-0.98+-0.95,0.190351,0.812621,0.87,-0.11+-0.95
H-N434F,"H-HIP433HID,H-ASN434PHE",N/A,-0.85+-0.97,0.004650,0.015963,0.74,-0.11+-0.97
H-N434F,"H-HIP433HIE,H-ASN434PHE",N/A,-0.17+-0.94,0.025969,0.028491,0.06,-0.11+-0.94
"H-N434F,H-Y436H","H-ASN434PHE,H-TYR436HID",N/A,-0.57+-0.98,0.003141,0.046543,1.61,1.04+-0.98
"H-N434F,H-Y436H","H-ASN434PHE,H-TYR436HIE",N/A,0.16+-1.14,0.157860,0.687601,0.88,1.04+-1.14
"H-N434F,H-Y436H","H-ASN434PHE,H-TYR436HIP",N/A,0.48+-1.01,0.028407,0.072339,0.56,1.04+-1.01
"H-N434F,H-Y436H","H-HIP433HID,H-ASN434PHE,H-TYR436HID",N/A,-0.17+-0.89,0.000083,0.000632,1.21,1.04+-0.89
"H-N434F,H-Y436H","H-HIP433HID,H-ASN434PHE,H-TYR436HIE",N/A,0.29+-1.11,0.004265,0.014938,0.75,1.04+-1.11
"H-N434F,H-Y436H","H-HIP433HID,H-ASN434PHE,H-TYR436HIP",N/A,0.88+-0.94,0.000971,0.001264,0.16,1.04+-0.94
"H-N434F,H-Y436H","H-HIP433HIE,H-ASN434PHE,H-TYR436HID",N/A,0.09+-0.84,0.000421,0.002064,0.95,1.04+-0.84
"H-N434F,H-Y436H","H-HIP433HIE,H-ASN434PHE,H-TYR436HIE",N/A,0.89+-1.01,0.021536,0.027570,0.15,1.04+-1.01
"H-N434F,H-Y436H","H-HIP433HIE,H-ASN434PHE,H-TYR436HIP",N/A,1.06+-0.92,0.004286,0.004125,-0.02,1.04+-0.92
H-N434H,H-ASN434HID,N/A,-1.70+-0.43,0.076249,0.668237,1.29,-0.41+-0.43
H-N434H,H-ASN434HIE,N/A,-0.91+-0.43,0.036167,0.084239,0.50,-0.41+-0.43
H-N434H,H-ASN434HIP,N/A,-0.36+-0.41,0.068131,0.063078,-0.05,-0.41+-0.41
H-N434S,H-ASN434SER,N/A,0.50+-0.73,0.180548,0.815553,0.90,1.40+-0.73
H-N434W,H-ASN434TRP,N/A,-2.38+-0.43,0.180548,0.815553,0.90,-1.48+-0.43
H-N434Y,H-ASN434TYR,N/A,-1.58+-0.90,0.186478,0.796639,0.87,-0.71+-0.90
H-N434Y,"H-HIP433HID,H-ASN434TYR",N/A,-1.38+-0.88,0.004406,0.013457,0.67,-0.71+-0.88
H-N434Y,"H-HIP433HIE,H-ASN434TYR",N/A,-0.98+-0.87,0.030087,0.046980,0.27,-0.71+-0.87
"H-N434Y,H-Y436H","H-ASN434TYR,H-TYR436HID",N/A,-1.06+-1.12,0.003141,0.032310,1.39,0.33+-1.12
"H-N434Y,H-Y436H","H-ASN434TYR,H-TYR436HIE",N/A,-0.58+-1.04,0.155270,0.713931,0.91,0.33+-1.04
"H-N434Y,H-Y436H","H-ASN434TYR,H-TYR436HIP",N/A,-0.02+-1.03,0.034171,0.061415,0.35,0.33+-1.03
"H-N434Y,H-Y436H","H-HIP433HID,H-ASN434TYR,H-TYR436HID",N/A,-0.84+-0.96,0.000067,0.000477,1.17,0.33+-0.96
"H-N434Y,H-Y436H","H-HIP433HID,H-ASN434TYR,H-TYR436HIE",N/A,-0.26+-1.08,0.003488,0.009377,0.59,0.33+-1.08
"H-N434Y,H-Y436H","H-HIP433HID,H-ASN434TYR,H-TYR436HIP",N/A,0.01+-0.95,0.000628,0.001073,0.32,0.33+-0.95
"H-N434Y,H-Y436H","H-HIP433HIE,H-ASN434TYR,H-TYR436HID",N/A,-0.72+-0.97,0.000388,0.002253,1.05,0.33+-0.97
"H-N434Y,H-Y436H","H-HIP433HIE,H-ASN434TYR,H-TYR436HIE",N/A,0.03+-0.98,0.019808,0.032737,0.30,0.33+-0.98
"H-N434Y,H-Y436H","H-HIP433HIE,H-ASN434TYR,H-TYR436HIP",N/A,0.41+-0.93,0.004009,0.003502,-0.08,0.33+-0.93
H-Q311H,H-GLN311HID,N/A,1.54+-1.10,0.030825,0.064685,0.44,1.98+-1.10
H-Q311H,H-GLN311HIE,N/A,1.23+-1.36,0.136106,0.480397,0.75,1.98+-1.36
H-Q311H,H-GLN311HIP,N/A,0.20+-0.72,0.013616,0.270472,1.78,1.98+-0.72
"H-Q311H,H-N434S","H-GLN311HID,H-ASN434SER",N/A,2.25+-1.08,0.022501,0.022752,0.01,2.26+-1.08
"H-Q311H,H-N434S","H-GLN311HIE,H-ASN434SER",N/A,1.37+-1.12,0.148595,0.657494,0.89,2.26+-1.12
"H-Q311H,H-N434S","H-GLN311HIP,H-ASN434SER",N/A,0.67+-0.87,0.009451,0.135307,1.59,2.26+-0.87
H-Q311R,H-GLN311ARG,N/A,0.54+-0.61,0.180548,0.815553,0.90,1.44+-0.61
H-Q311S,H-GLN311SER,N/A,0.65+-1.34,0.180548,0.815553,0.90,1.55+-1.34
H-Q386P,H-GLN386PRO,N/A,0.07+-0.73,0.180548,0.815553,0.90,0.97+-0.73
"H-Q386P,H-N389S","H-GLN386PRO,H-ASN389SER",N/A,0.43+-0.95,0.180548,0.815553,0.90,1.33+-0.95
H-S254C,H-SER254CYM,N/A,7.15+-0.92,0.001112,0.000000,-4.80,2.35+-0.92
H-S254C,H-SER254CYS,N/A,1.45+-0.73,0.179435,0.815553,0.90,2.35+-0.73
"H-S254C,H-T256E","H-SER254CYM,H-THR256GLH",N/A,6.93+-0.91,0.000049,0.000000,-5.16,1.77+-0.91
"H-S254C,H-T256E","H-SER254CYM,H-THR256GLU",N/A,7.49+-1.28,0.000860,0.000000,-5.72,1.77+-1.28
"H-S254C,H-T256E","H-SER254CYS,H-THR256GLH",N/A,1.41+-0.84,0.007213,0.013122,0.36,1.77+-0.84
"H-S254C,H-T256E","H-SER254CYS,H-THR256GLU",N/A,0.85+-0.92,0.172426,0.802432,0.92,1.77+-0.92
H-S254T,H-SER254THR,N/A,-0.37+-0.76,0.180548,0.815553,0.90,0.53+-0.76
"H-S254T,H-T256E","H-SER254THR,H-THR256GLH",N/A,-0.43+-0.86,0.009218,0.024074,0.57,0.14+-0.86
"H-S254T,H-T256E","H-SER254THR,H-THR256GLU",N/A,-0.77+-0.99,0.171330,0.791479,0.91,0.14+-0.99
H-S254V,H-SER254VAL,N/A,2.60+-0.90,0.180548,0.815553,0.90,3.50+-0.90
"H-S254V,H-T256E","H-SER254VAL,H-THR256GLH",N/A,2.38+-0.90,0.009980,0.014727,0.23,2.61+-0.90
"H-S254V,H-T256E","H-SER254VAL,H-THR256GLU",N/A,1.69+-1.14,0.170568,0.800826,0.92,2.61+-1.14
H-T250I,H-THR250ILE,N/A,0.74+-0.61,0.180548,0.815553,0.90,1.64+-0.61
H-T250Q,H-THR250GLN,N/A,1.17+-0.77,0.180548,0.815553,0.90,2.07+-0.77
"H-T250Q,H-M428L","H-THR250GLN,H-MET428LEU",N/A,0.81+-1.05,0.180548,0.815553,0.90,1.71+-1.05
H-T256D,H-THR256ASH,N/A,-0.03+-0.65,0.015071,0.022329,0.23,0.20+-0.65
H-T256D,H-THR256ASP,N/A,-0.73+-0.98,0.165476,0.793224,0.93,0.20+-0.98
"H-T256D,H-T307Q","H-THR256ASH,H-THR307GLN",N/A,-0.77+-0.86,0.036014,0.042564,0.10,-0.67+-0.86
"H-T256D,H-T307Q","H-THR256ASP,H-THR307GLN",N/A,-1.67+-1.29,0.144533,0.772989,1.00,-0.67+-1.29
"H-T256D,H-T307W","H-THR256ASH,H-THR307TRP",N/A,-0.51+-0.86,0.059165,0.075773,0.15,-0.36+-0.86
"H-T256D,H-T307W","H-THR256ASP,H-THR307TRP",N/A,-1.44+-0.95,0.121383,0.739780,1.08,-0.36+-0.95
H-T256E,H-THR256GLH,N/A,-0.09+-0.72,0.009980,0.026540,0.58,0.49+-0.72
H-T256E,H-THR256GLU,N/A,-0.42+-0.94,0.170568,0.789013,0.91,0.49+-0.94
"H-T256E,H-T307Q","H-THR256GLH,H-THR307GLN",N/A,-1.33+-0.84,0.009668,0.098673,1.38,0.05+-0.84
"H-T256E,H-T307Q","H-THR256GLU,H-THR307GLN",N/A,-0.80+-1.15,0.170879,0.716880,0.85,0.05+-1.15
H-T256N,H-THR256ASN,N/A,-0.41+-0.79,0.180548,0.815553,0.90,0.49+-0.79
"H-T256N,H-A378V","H-THR256ASN,H-ALA378VAL",N/A,0.16+-1.07,0.180548,0.815553,0.90,1.06+-1.07
"H-T256N,H-A378V,H-N434Y","H-THR256ASN,H-ALA378VAL,H-ASN434TYR",N/A,-1.57+-1.11,0.180548,0.815553,0.90,-0.67+-1.11
"H-T256N,H-N434Y","H-THR256ASN,H-ASN434TYR",N/A,-1.91+-1.08,0.180548,0.815553,0.90,-1.01+-1.08
H-T256Q,H-THR256GLN,N/A,-0.05+-0.66,0.180548,0.815553,0.90,0.85+-0.66
H-T307A,H-THR307ALA,N/A,0.45+-0.58,0.181797,0.814543,0.89,1.34+-0.58
H-T307A,"H-THR307ALA,H-GLU380GLH",N/A,0.84+-0.73,0.028140,0.065547,0.50,1.34+-0.73
"H-T307A,H-E380A","H-THR307ALA,H-GLU380ALA",N/A,0.41+-0.71,0.209937,0.880089,0.85,1.26+-0.71
"H-T307A,H-E380A,H-N434A","H-THR307ALA,H-GLU380ALA,H-ASN434ALA",N/A,0.73+-0.84,0.209937,0.880089,0.85,1.58+-0.84
"H-T307A,H-N434A","H-THR307ALA,H-ASN434ALA",N/A,0.65+-0.73,0.187720,0.829077,0.89,1.54+-0.73
"H-T307A,H-N434A","H-THR307ALA,H-GLU380GLH,H-ASN434ALA",N/A,1.04+-0.88,0.022218,0.051012,0.50,1.54+-0.88
H-T307E,H-THR307GLH,N/A,-0.35+-0.68,0.004454,0.030703,1.15,0.80+-0.68
H-T307E,H-THR307GLU,N/A,-0.09+-0.67,0.176094,0.784850,0.89,0.80+-0.67
H-T307P,H-THR307PRO,N/A,0.32+-0.70,0.180548,0.815553,0.90,1.22+-0.70
"H-T307P,H-N434Y","H-THR307PRO,H-ASN434TYR",N/A,-1.24+-0.91,0.180548,0.815553,0.90,-0.34+-0.91
H-T307Q,H-THR307GLN,N/A,-0.72+-0.75,0.180548,0.811424,0.90,0.18+-0.75
H-T307Q,"H-THR307GLN,H-GLU380GLH",N/A,-0.33+-0.71,0.029389,0.068666,0.51,0.18+-0.71
"H-T307Q,H-E380A","H-THR307GLN,H-GLU380ALA",N/A,-0.64+-0.72,0.209937,0.880089,0.85,0.21+-0.72
"H-T307Q,H-E380A,H-N434A","H-THR307GLN,H-GLU380ALA,H-ASN434ALA",N/A,-0.22+-0.78,0.209937,0.880089,0.85,0.63+-0.78
"H-T307Q,H-N434A","H-THR307GLN,H-ASN434ALA",N/A,-0.31+-0.81,0.183392,0.814543,0.89,0.58+-0.81
"H-T307Q,H-N434A","H-THR307GLN,H-GLU380GLH,H-ASN434ALA",N/A,0.04+-0.77,0.026545,0.065547,0.54,0.58+-0.77
"H-T307Q,H-N434S","H-THR307GLN,H-ASN434SER",N/A,-0.13+-0.81,0.180548,0.815553,0.90,0.77+-0.81
H-T307W,H-THR307TRP,N/A,-0.28+-0.86,0.180548,0.815553,0.90,0.62+-0.86
H-V259I,H-VAL259ILE,N/A,0.46+-1.01,0.180548,0.815553,0.90,1.36+-1.01
"H-V259I,H-M428L","H-VAL259ILE,H-MET428LEU",N/A,0.38+-1.13,0.180548,0.815553,0.90,1.28+-1.13
"H-V259I,H-N315D","H-VAL259ILE,H-ASN315ASH",N/A,0.37+-0.96,0.000582,0.002224,0.80,1.17+-0.96
"H-V259I,H-N315D","H-VAL259ILE,H-ASN315ASP",N/A,0.27+-1.06,0.179966,0.813329,0.90,1.17+-1.06
"H-V259I,H-N315D,H-N434Y","H-VAL259ILE,H-ASN315ASH,H-ASN434TYR",N/A,-1.09+-0.97,0.000370,0.002955,1.24,0.15+-0.97
"H-V259I,H-N315D,H-N434Y","H-VAL259ILE,H-ASN315ASP,H-ASN434TYR",N/A,-0.75+-1.07,0.180177,0.812598,0.90,0.15+-1.07
"H-V259I,H-N434Y","H-VAL259ILE,H-ASN434TYR",N/A,-1.19+-1.08,0.180548,0.815553,0.90,-0.29+-1.08
"H-V259I,H-V308F","H-VAL259ILE,H-VAL308PHE",N/A,1.26+-1.37,0.180548,0.815553,0.90,2.16+-1.37
"H-V259I,H-V308F,H-M428L","H-VAL259ILE,H-VAL308PHE,H-MET428LEU",N/A,1.22+-1.30,0.180548,0.815553,0.90,2.12+-1.30
H-V308F,H-VAL308PHE,N/A,1.12+-1.35,0.180548,0.815553,0.90,2.02+-1.35
"H-V308F,H-M428L","H-VAL308PHE,H-MET428LEU",N/A,0.81+-1.08,0.180548,0.815553,0.90,1.71+-1.08
H-V308P,H-VAL308PRO,N/A,-1.30+-1.07,0.180548,0.815553,0.90,-0.40+-1.07
"H-V308P,H-N434A","H-VAL308PRO,H-ASN434ALA",N/A,-1.10+-0.91,0.180548,0.815553,0.90,-0.20+-0.91
"H-V308P,H-N434Y","H-VAL308PRO,H-ASN434TYR",N/A,-2.65+-1.06,0.180548,0.815553,0.90,-1.75+-1.06
H-V308T,H-VAL308THR,N/A,-0.05+-1.03,0.180548,0.815553,0.90,0.85+-1.03
"H-V308T,H-L309P","H-VAL308THR,H-LEU309PRO",N/A,0.59+-1.24,0.180548,0.815553,0.90,1.49+-1.24
"H-V308T,H-L309P,H-Q311S","H-VAL308THR,H-LEU309PRO,H-GLN311SER",N/A,0.79+-1.59,0.180548,0.815553,0.90,1.69+-1.59
"H-V308T,H-Q311S","H-VAL308THR,H-GLN311SER",N/A,0.08+-1.74,0.180548,0.815553,0.90,0.98+-1.74
H-Y436H,"H-HIP433HID,H-TYR436HID",N/A,1.09+-0.83,0.000089,0.000653,1.19,2.28+-0.83
H-Y436H,"H-HIP433HID,H-TYR436HIE",N/A,1.37+-0.96,0.002027,0.009326,0.91,2.28+-0.96
H-Y436H,"H-HIP433HID,H-TYR436HIP",N/A,1.86+-0.85,0.000446,0.000902,0.42,2.28+-0.85
H-Y436H,"H-HIP433HIE,H-TYR436HID",N/A,1.45+-0.80,0.000670,0.002695,0.83,2.28+-0.80
H-Y436H,"H-HIP433HIE,H-TYR436HIE",N/A,2.42+-0.87,0.027998,0.022137,-0.14,2.28+-0.87
H-Y436H,"H-HIP433HIE,H-TYR436HIP",N/A,2.44+-0.82,0.003203,0.002449,-0.16,2.28+-0.82
H-Y436H,H-TYR436HID,N/A,0.76+-0.81,0.003570,0.045704,1.52,2.28+-0.81
H-Y436H,H-TYR436HIE,N/A,1.41+-0.81,0.165015,0.710046,0.87,2.28+-0.81
H-Y436H,H-TYR436HIP,N/A,1.53+-0.78,0.017953,0.063165,0.75,2.28+-0.78
H-Y436I,H-TYR436ILE,N/A,0.08+-0.64,0.180548,0.815553,0.90,0.98+-0.64
WT,H-ASP312ASH,N/A,0.10+-0.46,0.000115,0.000438,0.80,0.90+-0.46
WT,H-GLU380GLH,N/A,0.43+-0.59,0.029389,0.064536,0.47,0.90+-0.59
WT,H-HIP433HID,N/A,0.42+-0.77,0.004194,0.009366,0.48,0.90+-0.77
WT,H-HIP433HIE,N/A,0.97+-0.68,0.036228,0.032157,-0.07,0.90+-0.68
WT,H-HIP435HID,N/A,1.84+-0.45,0.317810,0.065557,-0.94,0.90+-0.45
WT,H-HIP435HIE,N/A,5.05+-0.42,0.203882,0.000193,-4.15,0.90+-0.42
WT,WT,0.00+-0.00,0.00+-0.40,0.180548,0.815553,0.90,0.90+-0.40
