Node Group Title,Protonated Residue Name,Deprotonated Residue Name,Solvent pKa,Complex pKa
H-H435K,H:310 HIP,H:310 HID,6.99,13.57
H-H435K,H:310 HIP,H:310 HIE,4.58,10.27
H-H435K,H:435 LYS,H:435 LYN,9.87,12.24
H-H435Y,H:310 HIP,H:310 HID,6.58,14.07
H-H435Y,H:310 HIP,H:310 HIE,4.45,11.19
H-I253M,H:310 HIP,H:310 HID,6.71,15.14
H-I253M,H:310 HIP,H:310 HIE,4.31,12.22
H-I253M,H:435 HIP,H:435 HID,5.67,7.23
H-I253M,H:435 HIP,H:435 HIE,6.57,9.86
H-L251N,H:310 HIP,H:310 HID,6.68,13.41
H-L251N,H:310 HIP,H:310 HIE,4.41,10.23
H-L251N,H:435 HIP,H:435 HID,6.54,8.30
H-L251N,H:435 HIP,H:435 HIE,7.32,11.12
H-L309D,H:309 ASH,H:309 ASP,4.44,6.24
H-L309D,H:310 HIP,H:310 HID,7.19,12.04
H-L309D,H:310 HIP,H:310 HIE,4.61,9.24
H-L309D,H:435 HIP,H:435 HID,5.73,6.95
H-L309D,H:435 HIP,H:435 HIE,6.26,9.98
H-M252H,H:252 HIP,H:252 HID,7.89,8.52
H-M252H,H:252 HIP,H:252 HIE,7.36,9.46
H-M252H,H:310 HIP,H:310 HID,6.33,12.27
H-M252H,H:310 HIP,H:310 HIE,4.36,10.09
H-M252H,H:435 HIP,H:435 HID,6.55,7.57
H-M252H,H:435 HIP,H:435 HIE,6.76,9.78
H-M252R,H:310 HIP,H:310 HID,6.50,13.15
H-M252R,H:310 HIP,H:310 HIE,4.32,10.47
H-M252R,H:435 HIP,H:435 HID,6.16,7.73
H-M252R,H:435 HIP,H:435 HIE,6.53,10.24
WT,H:310 HIP,H:310 HID,6.78,13.50
WT,H:310 HIP,H:310 HIE,4.41,10.69
WT,H:435 HIP,H:435 HID,5.92,7.43
WT,H:435 HIP,H:435 HIE,6.54,10.30
